{"cameraMode":{"drawMode":0,"name":"Shaded","section":"Shading Mode"},"sceneLighting":false,"audioPlay":false,"sceneViewState":{"showFog":false,"showMaterialUpdate":false,"showSkybox":false,"showFlares":false,"showImageEffects":false,"showParticleSystems":false},"in2DMode":false,"pivot":{"x":-0.16624471545219422,"y":0.9482187628746033,"z":-0.9956329464912415},"rotation":{"x":-0.007489821873605251,"y":-0.2843243181705475,"z":0.0022209100425243379,"w":-0.9586963653564453},"size":1.608823299407959,"orthographic":false}